distance,exp_time,true_time,color_time
0.1,0.760047,0.820179,1.728682
0.2,1.23533,1.4700215,2.704377
0.3,1.54381,1.4460675,3.342571
0.4,1.68981,1.4393885,3.633495
0.5,1.78039,1.8262035,3.890919
0.6,1.97292,2.0882905,4.263593
0.7,2.05546,2.1386455,4.387697
0.8,2.19671,2.1827315,4.687244
0.9,2.32208,2.2123255,5.006862
1,2.38778,2.3868785,5.117159
1.1,2.45992,2.7436475,5.224826
1.2,2.52757,2.28049,5.415046
0.6,1.89112,1.788078,4.063848
