distance,exp_time,true_time,color_time
0.1,0.760047,0.766728,1.791744
0.2,1.23533,1.443544,2.690483
0.3,1.54381,1.432234,3.360156
0.4,1.68981,1.53154,3.700835
0.5,1.78039,2.096655,3.858042
0.6,1.97292,1.93918,4.244123
0.7,2.05546,1.932513,4.432091
0.8,2.19671,2.24109725,4.732162
0.9,2.32208,2.24866175,5.074208
1,2.38778,2.387175,5.165013
1.1,2.45992,2.4538255,5.291271
1.2,2.52757,2.6629315,5.38499
0.6,1.89112,1.89112,4.104787
